{"cameraMode":{"drawMode":0,"name":"Shaded","section":"Shading Mode"},"sceneLighting":false,"audioPlay":false,"sceneViewState":{"showFog":true,"showMaterialUpdate":false,"showSkybox":true,"showFlares":true,"showImageEffects":true,"showParticleSystems":true},"in2DMode":false,"pivot":{"x":2.5342047214508058,"y":0.15574604272842408,"z":0.21415412425994874},"rotation":{"x":0.07031190395355225,"y":0.7205910086631775,"z":-0.07387951761484146,"w":0.6858182549476624},"size":3.520331859588623,"orthographic":false}