{"cameraMode":{"drawMode":0,"name":"Shaded","section":"Shading Mode"},"sceneLighting":false,"audioPlay":false,"sceneViewState":{"showFog":true,"showMaterialUpdate":false,"showSkybox":true,"showFlares":true,"showImageEffects":true,"showParticleSystems":true},"in2DMode":false,"pivot":{"x":0.7805485725402832,"y":1.11847722530365,"z":-0.06231929361820221},"rotation":{"x":0.17588721215724946,"y":-0.7212811708450317,"z":0.19824989140033723,"w":0.6399329900741577},"size":2.4452342987060549,"orthographic":false}