{"cameraMode":{"drawMode":0,"name":"Shaded","section":"Shading Mode"},"sceneLighting":false,"audioPlay":false,"sceneViewState":{"showFog":true,"showMaterialUpdate":false,"showSkybox":true,"showFlares":true,"showImageEffects":true,"showParticleSystems":true},"in2DMode":false,"pivot":{"x":0.659470796585083,"y":1.2495957612991334,"z":0.10636793076992035},"rotation":{"x":0.00023502131807617843,"y":0.7046810984611511,"z":0.00023568730102851987,"w":-0.7095240950584412},"size":2.8578836917877199,"orthographic":false}