{"cameraMode":{"drawMode":0,"name":"Shaded","section":"Shading Mode"},"sceneLighting":false,"audioPlay":false,"sceneViewState":{"showFog":true,"showMaterialUpdate":false,"showSkybox":true,"showFlares":true,"showImageEffects":true,"showParticleSystems":true},"in2DMode":false,"pivot":{"x":27.989999771118165,"y":7.165389060974121,"z":49.290000915527347},"rotation":{"x":-0.24773988127708436,"y":0.7479002475738525,"z":-0.3863396942615509,"w":-0.4795955419540405},"size":3.1553380489349367,"orthographic":false}