{"cameraMode":{"drawMode":0,"name":"Shaded","section":"Shading Mode"},"sceneLighting":false,"audioPlay":false,"sceneViewState":{"showFog":true,"showMaterialUpdate":false,"showSkybox":true,"showFlares":true,"showImageEffects":true,"showParticleSystems":true},"in2DMode":false,"pivot":{"x":0.3049132823944092,"y":0.28770017623901369,"z":-0.7762213945388794},"rotation":{"x":-0.22643016278743745,"y":0.6248404383659363,"z":-0.19624340534210206,"w":-0.7209662795066834},"size":4.372757434844971,"orthographic":false}