{"cameraMode":{"drawMode":0,"name":"Shaded","section":"Shading Mode"},"sceneLighting":false,"audioPlay":false,"sceneViewState":{"showFog":true,"showMaterialUpdate":false,"showSkybox":true,"showFlares":true,"showImageEffects":true,"showParticleSystems":true},"in2DMode":false,"pivot":{"x":23.030000686645509,"y":6.769999980926514,"z":53.810001373291019},"rotation":{"x":-0.24773988127708436,"y":0.7479002475738525,"z":-0.3863396942615509,"w":-0.4795955419540405},"size":9.934907913208008,"orthographic":false}