{"cameraMode":{"drawMode":0,"name":"Shaded","section":"Shading Mode"},"sceneLighting":false,"audioPlay":false,"sceneViewState":{"showFog":true,"showMaterialUpdate":false,"showSkybox":true,"showFlares":true,"showImageEffects":true,"showParticleSystems":true},"in2DMode":false,"pivot":{"x":13.519521713256836,"y":7.241762638092041,"z":7.834373950958252},"rotation":{"x":0.06873197853565216,"y":0.8449753522872925,"z":-0.11202555894851685,"w":0.5184042453765869},"size":3.791410207748413,"orthographic":false}