{"cameraMode":{"drawMode":0,"name":"Shaded","section":"Shading Mode"},"sceneLighting":false,"audioPlay":false,"sceneViewState":{"showFog":true,"showMaterialUpdate":false,"showSkybox":true,"showFlares":true,"showImageEffects":true,"showParticleSystems":true},"in2DMode":false,"pivot":{"x":0.3144705295562744,"y":1.6229262351989747,"z":0.41422227025032046},"rotation":{"x":-0.07039078325033188,"y":0.6961602568626404,"z":-0.06891024112701416,"w":-0.711095929145813},"size":2.8578836917877199,"orthographic":false}