{"cameraMode":{"drawMode":0,"name":"Shaded","section":"Shading Mode"},"sceneLighting":false,"audioPlay":false,"sceneViewState":{"showFog":true,"showMaterialUpdate":false,"showSkybox":true,"showFlares":true,"showImageEffects":true,"showParticleSystems":true},"in2DMode":false,"pivot":{"x":0.29611536860466006,"y":0.7063331604003906,"z":-1.4831819534301758},"rotation":{"x":-0.1396826207637787,"y":-0.01853044703602791,"z":0.0026156597305089237,"w":-0.9900195002555847},"size":0.6604124307632446,"orthographic":false}