{"cameraMode":{"drawMode":0,"name":"Shaded","section":"Shading Mode"},"sceneLighting":false,"audioPlay":false,"sceneViewState":{"showFog":true,"showMaterialUpdate":false,"showSkybox":true,"showFlares":true,"showImageEffects":true,"showParticleSystems":true},"in2DMode":false,"pivot":{"x":0.30000001192092898,"y":0.24000000953674317,"z":-0.6000000238418579},"rotation":{"x":0.17588721215724946,"y":-0.7212811708450317,"z":0.19824989140033723,"w":0.6399329900741577},"size":2.8578836917877199,"orthographic":false}