{"cameraMode":{"drawMode":0,"name":"Shaded","section":"Shading Mode"},"sceneLighting":false,"audioPlay":false,"sceneViewState":{"showFog":true,"showMaterialUpdate":false,"showSkybox":true,"showFlares":true,"showImageEffects":true,"showParticleSystems":true},"in2DMode":false,"pivot":{"x":0.345572292804718,"y":-1.8872746229171754,"z":-2.785383701324463},"rotation":{"x":-0.00788289587944746,"y":0.9708470702171326,"z":-0.23739008605480195,"w":-0.03224657475948334},"size":4.372757434844971,"orthographic":false}