{"cameraMode":{"drawMode":0,"name":"Shaded","section":"Shading Mode"},"sceneLighting":false,"audioPlay":false,"sceneViewState":{"showFog":true,"showMaterialUpdate":false,"showSkybox":true,"showFlares":true,"showImageEffects":true,"showParticleSystems":true},"in2DMode":false,"pivot":{"x":2.598172903060913,"y":1.703311800956726,"z":0.8234847784042358},"rotation":{"x":-0.15594449639320374,"y":0.7002977132797241,"z":-0.1611391007900238,"w":-0.6777158379554749},"size":0.6604124307632446,"orthographic":false}