{"cameraMode":{"drawMode":0,"name":"Shaded","section":"Shading Mode"},"sceneLighting":false,"audioPlay":false,"sceneViewState":{"showFog":true,"showMaterialUpdate":false,"showSkybox":true,"showFlares":true,"showImageEffects":true,"showParticleSystems":true},"in2DMode":false,"pivot":{"x":11.141481399536133,"y":7.090594291687012,"z":8.629432678222657},"rotation":{"x":0.07510903477668762,"y":0.6923144459724426,"z":-0.07282745838165283,"w":0.7139716744422913},"size":1.6582300662994385,"orthographic":false}