{"cameraMode":{"drawMode":0,"name":"Shaded","section":"Shading Mode"},"sceneLighting":false,"audioPlay":false,"sceneViewState":{"showFog":true,"showMaterialUpdate":false,"showSkybox":true,"showFlares":true,"showImageEffects":true,"showParticleSystems":true},"in2DMode":false,"pivot":{"x":0.5164856910705566,"y":1.2566754817962647,"z":0.2665618658065796},"rotation":{"x":-0.039475224912166598,"y":0.7576092481613159,"z":-0.0460168682038784,"w":-0.6498864889144898},"size":6.900058746337891,"orthographic":false}