{"cameraMode":{"drawMode":0,"name":"Shaded","section":"Shading Mode"},"sceneLighting":false,"audioPlay":false,"sceneViewState":{"showFog":true,"showMaterialUpdate":false,"showSkybox":true,"showFlares":true,"showImageEffects":true,"showParticleSystems":true},"in2DMode":false,"pivot":{"x":2.5057425498962404,"y":2.070331573486328,"z":0.5406830310821533},"rotation":{"x":0.10188881307840347,"y":-0.7596625685691834,"z":0.1227765679359436,"w":0.6304422616958618},"size":2.8578836917877199,"orthographic":false}