{"cameraMode":{"drawMode":0,"name":"Shaded","section":"Shading Mode"},"sceneLighting":true,"audioPlay":false,"sceneViewState":{"showFog":true,"showMaterialUpdate":false,"showSkybox":true,"showFlares":true,"showImageEffects":true,"showParticleSystems":true},"in2DMode":false,"pivot":{"x":-25.50539779663086,"y":-29.67363739013672,"z":42.2393684387207},"rotation":{"x":-0.20924781262874604,"y":0.5932397842407227,"z":-0.16333383321762086,"w":-0.7600026726722717},"size":81.50340270996094,"orthographic":false}