{"cameraMode":{"drawMode":0,"name":"Shaded","section":"Shading Mode"},"sceneLighting":true,"audioPlay":false,"sceneViewState":{"showFog":true,"showMaterialUpdate":false,"showSkybox":true,"showFlares":true,"showImageEffects":true,"showParticleSystems":true},"in2DMode":false,"pivot":{"x":-69.0114974975586,"y":-33.60565948486328,"z":22.25706672668457},"rotation":{"x":-0.1523968130350113,"y":0.7408167123794556,"z":-0.1794680953025818,"w":-0.629092276096344},"size":137.7367706298828,"orthographic":false}