{"cameraMode":{"drawMode":0,"name":"Shaded","section":"Shading Mode"},"sceneLighting":true,"audioPlay":false,"sceneViewState":{"showFog":true,"showMaterialUpdate":false,"showSkybox":true,"showFlares":true,"showImageEffects":true,"showParticleSystems":true},"in2DMode":false,"pivot":{"x":43.83015441894531,"y":21.22203254699707,"z":43.35117721557617},"rotation":{"x":-0.1865292340517044,"y":0.6758257150650024,"z":-0.18290957808494569,"w":-0.689210057258606},"size":3.155338764190674,"orthographic":false}