{"cameraMode":{"drawMode":0,"name":"Shaded","section":"Shading Mode"},"sceneLighting":true,"audioPlay":false,"sceneViewState":{"showFog":true,"showMaterialUpdate":false,"showSkybox":true,"showFlares":true,"showImageEffects":true,"showParticleSystems":true},"in2DMode":false,"pivot":{"x":96.67088317871094,"y":7.599610328674316,"z":92.87040710449219},"rotation":{"x":0.057388726621866229,"y":-0.9258304834365845,"z":0.15665899217128755,"w":0.33912014961242678},"size":4.0,"orthographic":false}