{"cameraMode":{"drawMode":0,"name":"Shaded","section":"Shading Mode"},"sceneLighting":false,"audioPlay":false,"sceneViewState":{"showFog":true,"showMaterialUpdate":false,"showSkybox":true,"showFlares":true,"showImageEffects":true,"showParticleSystems":true},"in2DMode":false,"pivot":{"x":27.846569061279298,"y":8.3745756149292,"z":52.611576080322269},"rotation":{"x":0.010932075791060925,"y":0.9861442446708679,"z":-0.14885137975215913,"w":0.07241058349609375},"size":1.3553383350372315,"orthographic":false}