{"cameraMode":{"drawMode":0,"name":"Shaded","section":"Shading Mode"},"sceneLighting":false,"audioPlay":false,"sceneViewState":{"showFog":true,"showMaterialUpdate":false,"showSkybox":true,"showFlares":true,"showImageEffects":true,"showParticleSystems":true},"in2DMode":false,"pivot":{"x":0.020325541496276857,"y":1.0383343696594239,"z":-1.2433712482452393},"rotation":{"x":0.13533732295036317,"y":-0.183841735124588,"z":0.025562509894371034,"w":0.9732587933540344},"size":2.8578836917877199,"orthographic":false}