{"cameraMode":{"drawMode":0,"name":"Shaded","section":"Shading Mode"},"sceneLighting":false,"audioPlay":false,"sceneViewState":{"showFog":true,"showMaterialUpdate":false,"showSkybox":true,"showFlares":true,"showImageEffects":true,"showParticleSystems":true},"in2DMode":false,"pivot":{"x":28.589143753051759,"y":8.199143409729004,"z":50.58466339111328},"rotation":{"x":-0.22643016278743745,"y":0.6248404383659363,"z":-0.19624340534210206,"w":-0.7209662795066834},"size":3.1553380489349367,"orthographic":false}