{"cameraMode":{"drawMode":0,"name":"Shaded","section":"Shading Mode"},"sceneLighting":false,"audioPlay":false,"sceneViewState":{"showFog":true,"showMaterialUpdate":false,"showSkybox":true,"showFlares":true,"showImageEffects":true,"showParticleSystems":true},"in2DMode":false,"pivot":{"x":0.7603573799133301,"y":1.114824891090393,"z":-0.3833807110786438},"rotation":{"x":0.09151294082403183,"y":0.7557349801063538,"z":-0.10817135125398636,"w":0.639366090297699},"size":3.520331859588623,"orthographic":false}