{"cameraMode":{"drawMode":0,"name":"Shaded","section":"Shading Mode"},"sceneLighting":false,"audioPlay":false,"sceneViewState":{"showFog":true,"showMaterialUpdate":false,"showSkybox":true,"showFlares":true,"showImageEffects":true,"showParticleSystems":true},"in2DMode":false,"pivot":{"x":-0.047340989112854007,"y":0.4281318783760071,"z":0.7707862854003906},"rotation":{"x":0.017398161813616754,"y":0.9787737131118774,"z":-0.09392368793487549,"w":0.1813221126794815},"size":2.8578836917877199,"orthographic":false}