{"cameraMode":{"drawMode":0,"name":"Shaded","section":"Shading Mode"},"sceneLighting":false,"audioPlay":false,"sceneViewState":{"showFog":true,"showMaterialUpdate":false,"showSkybox":true,"showFlares":true,"showImageEffects":true,"showParticleSystems":true},"in2DMode":false,"pivot":{"x":-5.203490257263184,"y":-0.9275068044662476,"z":1.643513560295105},"rotation":{"x":0.09941402822732926,"y":-0.7644321322441101,"z":0.12153502553701401,"w":0.625291645526886},"size":11.9822998046875,"orthographic":false}