{"cameraMode":{"drawMode":0,"name":"Shaded","section":"Shading Mode"},"sceneLighting":true,"audioPlay":false,"sceneViewState":{"showFog":true,"showMaterialUpdate":false,"showSkybox":true,"showFlares":true,"showImageEffects":true,"showParticleSystems":true},"in2DMode":false,"pivot":{"x":-93.33251953125,"y":-101.49560546875,"z":-32.02986145019531},"rotation":{"x":0.2524794936180115,"y":-0.7225402593612671,"z":0.3302660584449768,"w":0.5523712635040283},"size":178.85948181152345,"orthographic":false}