{"cameraMode":{"drawMode":0,"name":"Shaded","section":"Shading Mode"},"sceneLighting":false,"audioPlay":false,"sceneViewState":{"showFog":true,"showMaterialUpdate":false,"showSkybox":true,"showFlares":true,"showImageEffects":true,"showParticleSystems":true},"in2DMode":false,"pivot":{"x":-0.48843955993652346,"y":0.4713483452796936,"z":0.4762629270553589},"rotation":{"x":0.025384115055203439,"y":0.7018503546714783,"z":-0.025044599547982217,"w":0.7114313840866089},"size":4.659022808074951,"orthographic":false}