{"cameraMode":{"drawMode":0,"name":"Shaded","section":"Shading Mode"},"sceneLighting":true,"audioPlay":false,"sceneViewState":{"showFog":true,"showMaterialUpdate":false,"showSkybox":true,"showFlares":true,"showImageEffects":true,"showParticleSystems":true},"in2DMode":false,"pivot":{"x":104.75099182128906,"y":10.494476318359375,"z":99.23650360107422},"rotation":{"x":0.09392449259757996,"y":-0.8958756923675537,"z":0.22743892669677735,"w":0.369941383600235},"size":4.640149116516113,"orthographic":false}