{"cameraMode":{"drawMode":0,"name":"Shaded","section":"Shading Mode"},"sceneLighting":false,"audioPlay":false,"sceneViewState":{"showFog":true,"showMaterialUpdate":false,"showSkybox":true,"showFlares":true,"showImageEffects":true,"showParticleSystems":true},"in2DMode":false,"pivot":{"x":1.0063836574554444,"y":1.7107795476913453,"z":0.16693484783172608},"rotation":{"x":-0.14474140107631684,"y":0.7028616666793823,"z":-0.14956249296665193,"w":-0.6801959872245789},"size":0.3604124188423157,"orthographic":false}