{"cameraMode":{"drawMode":0,"name":"Shaded","section":"Shading Mode"},"sceneLighting":false,"audioPlay":false,"sceneViewState":{"showFog":true,"showMaterialUpdate":false,"showSkybox":true,"showFlares":true,"showImageEffects":true,"showParticleSystems":true},"in2DMode":false,"pivot":{"x":-0.49180057644844057,"y":0.2407594621181488,"z":-0.8458554148674011},"rotation":{"x":-0.21836045384407044,"y":-0.25109928846359255,"z":0.05824416130781174,"w":-0.941209614276886},"size":5.228206634521484,"orthographic":false}