{"cameraMode":{"drawMode":0,"name":"Shaded","section":"Shading Mode"},"sceneLighting":false,"audioPlay":false,"sceneViewState":{"showFog":true,"showMaterialUpdate":false,"showSkybox":true,"showFlares":true,"showImageEffects":true,"showParticleSystems":true},"in2DMode":false,"pivot":{"x":9.393903732299805,"y":12.308549880981446,"z":-222.7177734375},"rotation":{"x":-0.38156551122665408,"y":0.5851152539253235,"z":-0.3615674376487732,"w":-0.6175087094306946},"size":44.85462188720703,"orthographic":false}