{"cameraMode":{"drawMode":0,"name":"Shaded","section":"Shading Mode"},"sceneLighting":true,"audioPlay":false,"sceneViewState":{"showFog":true,"showMaterialUpdate":false,"showSkybox":true,"showFlares":true,"showImageEffects":true,"showParticleSystems":true},"in2DMode":false,"pivot":{"x":33.06533432006836,"y":9.942853927612305,"z":24.32945442199707},"rotation":{"x":-0.20791985094547273,"y":0.5899827480316162,"z":-0.16068369150161744,"w":-0.7634596228599548},"size":7.659523963928223,"orthographic":false}