{"cameraMode":{"drawMode":0,"name":"Shaded","section":"Shading Mode"},"sceneLighting":false,"audioPlay":false,"sceneViewState":{"showFog":true,"showMaterialUpdate":false,"showSkybox":true,"showFlares":true,"showImageEffects":true,"showParticleSystems":true},"in2DMode":false,"pivot":{"x":-0.8203142881393433,"y":1.59934663772583,"z":-0.9620304703712463},"rotation":{"x":-0.26747387647628786,"y":-0.49179208278656008,"z":0.16185501217842103,"w":-0.8126507997512817},"size":2.2623770236968996,"orthographic":false}