{"cameraMode":{"drawMode":0,"name":"Shaded","section":"Shading Mode"},"sceneLighting":false,"audioPlay":false,"sceneViewState":{"showFog":true,"showMaterialUpdate":false,"showSkybox":true,"showFlares":true,"showImageEffects":true,"showParticleSystems":true},"in2DMode":false,"pivot":{"x":0.015175431966781617,"y":0.05191618204116821,"z":1.0019437074661255},"rotation":{"x":-0.26747387647628786,"y":-0.49179208278656008,"z":0.16185501217842103,"w":-0.8126507997512817},"size":4.174378871917725,"orthographic":false}