{"cameraMode":{"drawMode":0,"name":"Shaded","section":"Shading Mode"},"sceneLighting":false,"audioPlay":false,"sceneViewState":{"showFog":true,"showMaterialUpdate":false,"showSkybox":true,"showFlares":true,"showImageEffects":true,"showParticleSystems":true},"in2DMode":false,"pivot":{"x":0.00000476837158203125,"y":2.7878637313842775,"z":5.960464477539063e-7},"rotation":{"x":0.1741233766078949,"y":0.76058429479599,"z":-0.2272658497095108,"w":0.5827030539512634},"size":11.545101165771485,"orthographic":false}