{"cameraMode":{"drawMode":0,"name":"Shaded","section":"Shading Mode"},"sceneLighting":false,"audioPlay":false,"sceneViewState":{"showFog":true,"showMaterialUpdate":false,"showSkybox":true,"showFlares":true,"showImageEffects":true,"showParticleSystems":true},"in2DMode":false,"pivot":{"x":-0.014472484588623047,"y":-0.13179051876068116,"z":0.2999539375305176},"rotation":{"x":-0.31724226474761965,"y":-0.601030707359314,"z":0.2814515233039856,"w":-0.677424967288971},"size":13.760126113891602,"orthographic":false}