{"cameraMode":{"drawMode":0,"name":"Shaded","section":"Shading Mode"},"sceneLighting":false,"audioPlay":false,"sceneViewState":{"showFog":true,"showMaterialUpdate":false,"showSkybox":true,"showFlares":true,"showImageEffects":true,"showParticleSystems":true},"in2DMode":false,"pivot":{"x":-0.06562292575836182,"y":1.1905670166015626,"z":-0.0974273681640625},"rotation":{"x":-0.31724226474761965,"y":-0.601030707359314,"z":0.2814515233039856,"w":-0.677424967288971},"size":10.770469665527344,"orthographic":false}