{"cameraMode":{"drawMode":0,"name":"Shaded","section":"Shading Mode"},"sceneLighting":false,"audioPlay":false,"sceneViewState":{"showFog":true,"showMaterialUpdate":false,"showSkybox":true,"showFlares":true,"showImageEffects":true,"showParticleSystems":true},"in2DMode":false,"pivot":{"x":1.564621925354004e-7,"y":0.4112797975540161,"z":0.018513184040784837},"rotation":{"x":-0.26747387647628786,"y":-0.49179208278656008,"z":0.16185501217842103,"w":-0.8126507997512817},"size":1.885739803314209,"orthographic":false}