{"cameraMode":{"drawMode":0,"name":"Shaded","section":"Shading Mode"},"sceneLighting":false,"audioPlay":false,"sceneViewState":{"showFog":true,"showMaterialUpdate":false,"showSkybox":true,"showFlares":true,"showImageEffects":true,"showParticleSystems":true},"in2DMode":false,"pivot":{"x":-33.450923919677737,"y":0.32135602831840517,"z":-30.808170318603517},"rotation":{"x":0.2930387556552887,"y":0.6126330494880676,"z":-0.2617846131324768,"w":0.6857681274414063},"size":11.885212898254395,"orthographic":false}