{"cameraMode":{"drawMode":0,"name":"Shaded","section":"Shading Mode"},"sceneLighting":false,"audioPlay":false,"sceneViewState":{"showFog":true,"showMaterialUpdate":false,"showSkybox":true,"showFlares":true,"showImageEffects":true,"showParticleSystems":true},"in2DMode":false,"pivot":{"x":0.0,"y":0.000042438507080078125,"z":-126.10000610351563},"rotation":{"x":-0.30144381523132326,"y":-0.585501492023468,"z":0.24846427142620088,"w":-0.7103415727615356},"size":1750.0963134765625,"orthographic":false}