{"cameraMode":{"drawMode":0,"name":"Shaded","section":"Shading Mode"},"sceneLighting":false,"audioPlay":false,"sceneViewState":{"showFog":true,"showMaterialUpdate":false,"showSkybox":true,"showFlares":true,"showImageEffects":true,"showParticleSystems":true},"in2DMode":false,"pivot":{"x":26.962867736816408,"y":6.4867706298828129,"z":46.99489212036133},"rotation":{"x":0.006450926419347525,"y":-0.9929798245429993,"z":0.06502620875835419,"w":0.09859525412321091},"size":4.772289752960205,"orthographic":false}