{"cameraMode":{"drawMode":0,"name":"Shaded","section":"Shading Mode"},"sceneLighting":false,"audioPlay":false,"sceneViewState":{"showFog":true,"showMaterialUpdate":false,"showSkybox":true,"showFlares":true,"showImageEffects":true,"showParticleSystems":true},"in2DMode":false,"pivot":{"x":-2.682209014892578e-7,"y":0.16043928265571595,"z":2.384185791015625e-7},"rotation":{"x":0.1741233766078949,"y":0.76058429479599,"z":-0.2272658497095108,"w":0.5827030539512634},"size":0.7474836707115173,"orthographic":false}