{"cameraMode":{"drawMode":0,"name":"Shaded","section":"Shading Mode"},"sceneLighting":false,"audioPlay":false,"sceneViewState":{"showFog":true,"showMaterialUpdate":false,"showSkybox":true,"showFlares":true,"showImageEffects":true,"showParticleSystems":true},"in2DMode":false,"pivot":{"x":-0.2179308533668518,"y":0.02720463275909424,"z":-0.04691547155380249},"rotation":{"x":-0.31724226474761965,"y":-0.601030707359314,"z":0.2814515233039856,"w":-0.677424967288971},"size":3.562870740890503,"orthographic":false}