{"cameraMode":{"drawMode":0,"name":"Shaded","section":"Shading Mode"},"sceneLighting":false,"audioPlay":false,"sceneViewState":{"showFog":true,"showMaterialUpdate":false,"showSkybox":true,"showFlares":true,"showImageEffects":true,"showParticleSystems":true},"in2DMode":false,"pivot":{"x":-8.65013313293457,"y":5.344991207122803,"z":-1.8371059894561768},"rotation":{"x":-0.12052705883979798,"y":-0.6318641901016235,"z":0.1003180518746376,"w":-0.759050190448761},"size":0.00005715767838410102,"orthographic":false}