{"cameraMode":{"drawMode":0,"name":"Shaded","section":"Shading Mode"},"sceneLighting":false,"audioPlay":false,"sceneViewState":{"showFog":true,"showMaterialUpdate":false,"showSkybox":true,"showFlares":true,"showImageEffects":true,"showParticleSystems":true},"in2DMode":false,"pivot":{"x":20.396589279174806,"y":7.495090484619141,"z":55.13494110107422},"rotation":{"x":-0.13604207336902619,"y":0.7127278447151184,"z":-0.14411891996860505,"w":-0.6728606224060059},"size":20.766305923461915,"orthographic":false}