{"cameraMode":{"drawMode":0,"name":"Shaded","section":"Shading Mode"},"sceneLighting":false,"audioPlay":false,"sceneViewState":{"showFog":true,"showMaterialUpdate":false,"showSkybox":true,"showFlares":true,"showImageEffects":true,"showParticleSystems":true},"in2DMode":false,"pivot":{"x":0.03278958797454834,"y":0.9646600484848023,"z":-0.057301104068756106},"rotation":{"x":-0.31724226474761965,"y":-0.601030707359314,"z":0.2814515233039856,"w":-0.677424967288971},"size":4.703232765197754,"orthographic":false}